{"(100,0)": {"rssi_counter": 157, "rssi": [-15, -8, -7, -4, -7, -8, -12, -11, -9, -8, -10, -9, -10, -10, -1, -4, -1, -10, -10, -4, -6, -8, -4, -24, -21, -1, -21, -10, -9, -8, -6, -10, -10, -2, -3, -2, -10, -3, -3, -4, -6, -17, -16, -17, -28, -1, -1, -9, -10, -20, -21, -18, -9, -7, -2, -9, -9, -13, -6, -14, -13, -11, -15, -17, -17, -17, -7, -4, -3, -6, -3, -15, -13, -15, -16, -9, -11, -9, -12, -8, -10, -10, -9, -11, -13, -11, -32, -37, -9, -11, -14, -13, -15, -15, -7, -13, -11, -13, -11, -17, -15, -9, -12, -9, -10, -10, -15, -7, -8, -8, -5, -9, -10, -12, -17, -17, -15, -13, -9, -13, -13, -27, -21, -11, -11, -9, -11, -18, -18, -17, -16, -16, -10, -9, -9, -9, -9, -16, -9, -9, -8, -23, -10, -10, -9, -9, -14, -7, -8, -9, -12, -17, -19, -19, -21, -9, -9], "dist": 1.851749424574581, "loc": [0, 0]}, "(5,171)": {"rssi_counter": 148, "rssi": [-15, -21, -6, -4, -6, -6, -23, -21, -24, 2, -2, -2, -2, -9, -4, -2, -4, -2, -12, -11, -10, -12, -12, -12, -10, -12, -12, -11, -2, -2, -13, -9, -9, -10, -10, -10, -5, -2, -19, -18, -19, -18, -9, -15, -10, -8, -16, -11, -9, -9, -10, -10, -13, -12, -11, -12, -8, -5, -9, -15, -15, -16, -10, -9, -9, -7, -11, -13, -15, -9, -5, 2, 2, 1, 1, -13, 2, 2, 2, 2, 3, 4, 4, -17, -14, -19, -19, -19, -19, -6, -12, -4, -1, -13, -13, -13, -5, -12, -11, -12, -5, -3, 1, 1, 1, -3, -2, -12, -9, -9, -6, -5, -5, -5, -2, -2, -2, -6, -6, -4, -18, -16, -16, -10, -2, -2, -1, -2, -4, -1, -2, -10, -16, -16, -15, -7, -18, -1, -2, -1, -1, -2, -5, -5, -7, -9, -10, -9], "dist": 1.6624757922855755, "loc": [3.8, 4.8]}, "(6,242)": {"rssi_counter": 159, "rssi": [-6, -6, -12, -12, -12, -12, -13, -10, -11, -13, -10, -9, -14, -14, -14, -14, -14, -15, -15, -15, -16, -22, -11, -10, -11, -11, -11, -6, -8, -6, -21, -8, -7, -14, -14, -10, -16, -16, -16, -10, -15, -15, -15, -12, -15, -2, -4, -2, -6, -6, -9, -2, -2, -6, -11, -11, -6, -1, -1, -1, 3, -1, -3, -10, -10, -10, -10, -8, -27, -27, -26, -27, -9, -21, -21, -21, -21, -8, -5, -8, -8, -16, -12, -17, -17, -13, -13, -13, -11, -5, -8, -5, -7, -16, -16, -15, -16, -14, -11, -13, -15, -11, -13, -11, -13, -13, -25, -18, -13, -22, -15, -10, -11, -11, -11, -19, -9, -9, -9, -17, -17, -17, -11, -11, -16, -15, -6, -5, -10, -21, -21, -21, -13, -13, -8, -7, -5, -6, -14, -10, -10, -10, -10, -23, -27, -10, -10, -9, -7, -12, -12, -12, -9, -10, -10, -13, -12, -12, -12], "dist": 10.767201541058851, "loc": [3.8, 0]}, "(2,0)": {"rssi_counter": 157, "rssi": [-26, -19, -29, -29, -29, -31, -25, -25, -25, -20, -20, -21, -26, -23, -23, -23, -24, -24, -18, -18, -18, -18, -22, -25, -25, -25, -23, -22, -21, -33, -33, -17, -17, -18, -33, -27, -32, -32, -23, -26, -26, -27, -33, -26, -30, -35, -26, -27, -27, -28, -25, -28, -26, -27, -26, -27, -24, -22, -22, -22, -38, -33, -36, -19, -19, -19, -19, -30, -19, -19, -19, -17, -18, -27, -26, -26, -27, -20, -19, -21, -21, -18, -11, -11, -11, -22, -27, -25, -27, -28, -18, -18, -25, -25, -18, -22, -19, -22, -28, -27, -27, -27, -19, -22, -22, -23, -29, -29, -27, -26, -39, -39, -19, -21, -23, -36, -17, -25, -25, -25, -18, -18, -18, -21, -25, -25, -17, -25, -17, -17, -17, -17, -17, -17, -17, -27, -22, -22, -22, -29, -29, -11, -15, -29, -29, -29, -29, -25, -29, -27, -21, -20, -19, -19, -15, -17, -17], "dist": 1.6555065597696215, "loc": [0, 4.8]}}